sdk:setup|4541
sdk:setup|4549
sdk:setup|4825
sdk:setup|4287
sdk:setup|4199
sdk:setup|4299
sdk:setup|4282
sdk:setup|4618
sdk:setup|4165
sdk:setup|4387
sdk:setup|4615
sdk:setup|4207
sdk:setup|4495
sdk:setup|4622
sdk:setup|4195
sdk:setup|4282
sdk:setup|4650
sdk:setup|4635
sdk:setup|4636
sdk:setup|4422
sdk:setup|4379
sdk:setup|4402
sdk:setup|4329
sdk:setup|4804
sdk:setup|4477
sdk:setup|4466
sdk:setup|4476
sdk:setup|4547
sdk:setup|4557
sdk:setup|4517
sdk:setup|4399
sdk:setup|4207
sdk:setup|4202
sdk:setup|4202
sdk:setup|4272
sdk:setup|4232
sdk:setup|4161
sdk:setup|4271
sdk:setup|4300
sdk:setup|4249
sdk:setup|4505
sdk:setup|4246
sdk:setup|4286
sdk:setup|4230
sdk:setup|4197
sdk:setup|4216
sdk:setup|4194
sdk:setup|4233
sdk:setup|4186
sdk:setup|4191
sdk:setup|4157
sdk:setup|4249
sdk:setup|4160
sdk:setup|4217
sdk:setup|4247
sdk:setup|4506
sdk:setup|4212
sdk:setup|4207
sdk:setup|4501
sdk:setup|4516
sdk:setup|4229
sdk:setup|4207
sdk:setup|4251
sdk:setup|4537
sdk:setup|4177
sdk:setup|4257
sdk:setup|4153
sdk:setup|4241
sdk:setup|4215
sdk:setup|4231
sdk:setup|4215
sdk:setup|4154
sdk:setup|4259
sdk:setup|4281
sdk:setup|4276
sdk:setup|4181
sdk:setup|4277
sdk:setup|4372
sdk:setup|4240
sdk:setup|4118
sdk:setup|4216
sdk:setup|4135
sdk:setup|4273
sdk:setup|4468
sdk:setup|4438
sdk:setup|4174
sdk:setup|4374
sdk:setup|4212
sdk:setup|4525
